{"mse": 0.8109806434474791, "r2": 0.24229302324537716}